,Country,Year,AnnualCO2EmissionsperCapitainTons,overallreadiness,socialreadiness,economicreadiness,governmentreadiness,ecosystemvulnerability,exposure,foodvulnerability,habitatvulnerability,healthvulnerability,watervulnerability,overallvulnerability,renewablenergyconsumaspercoffinalconsumption,nonrenewablenergyconsumaspercoffinalconsumption
0,Brunei Darussalam,1996,15.5647,-0.183636407,0.17891274,0.522558853,0.691582086,0.397735199,0.404784518,0.433277475,0.624293798,0.396556382,0.285724391,0.112335357,0,1
1,Brunei Darussalam,1997,15.8088,-0.184033679,0.179690901,0.522558853,0.669696138,0.396842096,0.404784518,0.432365011,0.623022754,0.375110563,0.285724391,0.103757735,0,1
2,Brunei Darussalam,1998,16.1653,-0.185637333,0.181169925,0.522558853,0.647810191,0.397471636,0.404784518,0.439432986,0.621513604,0.353664744,0.285867341,0.097722154,0,1
3,Brunei Darussalam,1999,11.6587,-0.188088219,0.189580559,0.522558853,0.652525063,0.398021573,0.404784518,0.439737469,0.61976854,0.332218926,0.286010291,0.098640546,0,1
4,Brunei Darussalam,2000,13.7799,-0.193579624,0.195575476,0.522558853,0.657239936,0.398571509,0.404784518,0.440049137,0.617344736,0.310773107,0.286153241,0.10095901,0,1
5,Brunei Darussalam,2001,12.9088,-0.199402308,0.208590655,0.522558853,0.654014405,0.399268063,0.404784518,0.440781875,0.59794776,0.285690501,0.28629619,0.099951784,0,1
6,Brunei Darussalam,2002,12.267,-0.211280186,0.209929919,0.522558853,0.650788873,0.399964617,0.404784518,0.428108412,0.578086339,0.260607894,0.28643914,0.098096041,0,1
7,Brunei Darussalam,2003,12.6528,-0.218367413,0.216297506,0.522558853,0.652239665,0.40066117,0.404784518,0.438629044,0.558261788,0.267195203,0.28653539,0.1043303,0,1
8,Brunei Darussalam,2004,13.5578,-0.214637972,0.229599554,0.522558853,0.665140995,0.401357724,0.404784518,0.438870205,0.538579408,0.273782511,0.286631639,0.105703704,0,1
9,Brunei Darussalam,2005,13.3369,-0.209971586,0.236980952,0.586290286,0.62806884,0.402054278,0.404784518,0.442935515,0.538629115,0.275515121,0.286727888,0.111327373,0,1
10,Brunei Darussalam,2006,12.7951,-0.163209789,0.241307702,0.798004422,0.617333149,0.402054278,0.404784518,0.433947391,0.539105254,0.279012114,0.286824138,0.125165983,0,1
11,Brunei Darussalam,2007,22.1618,-0.27643379,0.245320626,0.45578024,0.633568071,0.402054278,0.404784518,0.432801348,0.53496314,0.284154874,0.286920387,0.129145792,0,1
12,Brunei Darussalam,2008,23.698,-0.266241271,0.250031889,0.458276334,0.642999786,0.402525024,0.404784518,0.442484731,0.532526994,0.274667879,0.286991697,0.125718136,0,1
13,Brunei Darussalam,2009,20.1763,-0.232629398,0.255858483,0.458081833,0.713409981,0.40216636,0.404784518,0.422258916,0.533869665,0.281494533,0.287063007,0.118068629,0,1
14,Brunei Darussalam,2010,20.7414,-0.243559156,0.256461328,0.464338276,0.701998085,0.402009445,0.404784518,0.417382174,0.532484822,0.225381681,0.287134318,0.114023352,0,1
15,Brunei Darussalam,2011,24.2444,-0.260128053,0.263809031,0.462198767,0.699246384,0.402928521,0.404784518,0.440282385,0.528258412,0.212984409,0.287205628,0.126995989,0.00015799999,0.999842
16,Brunei Darussalam,2012,23.7934,-0.279442373,0.276745256,0.481357097,0.670717274,0.401292117,0.404784518,0.448010387,0.527800608,0.207007115,0.287276938,0.140819221,0.000148,0.999852
17,Brunei Darussalam,2013,18.863,-0.249326265,0.2861933,0.497792416,0.671563724,0.408836125,0.404784518,0.442140158,0.527678878,0.220620179,0.287343759,0.129013504,0.000135,0.999865
18,Brunei Darussalam,2014,21.7813,-0.216280098,0.329798476,0.529236714,0.661223418,0.415976637,0.404784518,0.434212252,0.527582002,0.249172243,0.28741058,0.125872992,0.00014,0.99986
19,Brunei Darussalam,2015,16.7608,-0.137890355,0.312430309,0.521262181,0.653160799,0.416697827,0.404784518,0.434418924,0.527380012,0.236092941,0.287477402,0.063268423,0.000149,0.999851
20,Brunei Darussalam,2016,17.9712,-0.103579372,0.310355454,0.546287952,0.644066556,0.404664029,0.404784518,0.44160149,0.528057192,0.277432007,0.287544223,0.04938927,7.40E-05,0.999926
21,Brunei Darussalam,2017,22.5029,-0.125320475,0.291218941,0.548621962,0.66267282,0.401619248,0.404784518,0.431370681,0.534279134,0.251256458,0.287611044,0.058975126,0.000109,0.999891
22,Brunei Darussalam,2018,22.3619,-0.107703183,0.344844186,0.553938317,0.66890979,0.398574466,0.404784518,0.423082117,0.540308847,0.28960476,0.287611044,0.067261929,0.000109,0.999891
23,Brunei Darussalam,2019,22.9822,-0.127562305,0.286374578,0.601578288,0.662772585,0.41587753,0.404784518,0.416632999,0.54055985,0.28960476,0.287611044,0.078720355,0.000109,0.999891
24,Cambodia,1996,0.1381,-0.05983083,0.196721146,0.31385948,0.330263313,0.464902424,0.393904762,0.636897296,0.571759588,0.507440179,0.566929457,0.06577129,0.8276628823,0.1723371177
25,Cambodia,1997,0.1297,-0.0623188,0.196204838,0.31385948,0.323650972,0.462007265,0.393904762,0.640026508,0.569428942,0.507586752,0.566929457,0.065575245,0.82196256,0.17803744
26,Cambodia,1998,0.1617,-0.064383132,0.197000591,0.31385948,0.317038632,0.462165375,0.393904762,0.648444743,0.565337161,0.507733325,0.566929534,0.066431526,0.8200027446,0.1799972554
27,Cambodia,1999,0.1594,-0.058051054,0.197793804,0.31385948,0.336689407,0.46135536,0.393904762,0.654288149,0.56005836,0.52229064,0.566929611,0.072530207,0.8167488982,0.1832511018
28,Cambodia,2000,0.1625,-0.05172344,0.198616047,0.31385948,0.356340182,0.46135536,0.393904762,0.660130515,0.554770925,0.508944881,0.566929688,0.068245537,0.8113880157,0.1886119843
29,Cambodia,2001,0.1813,-0.053918844,0.198675985,0.31385948,0.350865616,0.46135536,0.393904762,0.648433079,0.550330867,0.546691764,0.566121094,0.072480098,0.7959079742,0.2040920258
30,Cambodia,2002,0.1745,-0.055876611,0.199319409,0.31385948,0.345391051,0.46135536,0.393904762,0.634098196,0.546885263,0.552441056,0.565310752,0.069148781,0.830223999,0.169776001
31,Cambodia,2003,0.185,-0.058793002,0.200338466,0.31385948,0.337148464,0.46135536,0.393904762,0.618982281,0.544288063,0.573260083,0.56449864,0.069810506,0.820707016,0.179292984
32,Cambodia,2004,0.187,-0.05844374,0.200988364,0.31385948,0.339749311,0.46135536,0.393904762,0.607171667,0.542002538,0.614201895,0.563684183,0.073157376,0.7821009827,0.2178990173
33,Cambodia,2005,0.209,-0.066649564,0.196197517,0.303777854,0.333202266,0.46135536,0.393904762,0.593514358,0.539304974,0.601205458,0.562867362,0.070776035,0.7607360077,0.2392639923
34,Cambodia,2006,0.2224,-0.075782181,0.195484526,0.284651941,0.328689249,0.46135536,0.393904762,0.593344783,0.536366105,0.6358228,0.562048763,0.073060442,0.7385929871,0.2614070129
35,Cambodia,2007,0.2537,-0.074569082,0.194011458,0.276515323,0.345114985,0.46135536,0.393904762,0.592332037,0.533468419,0.681862382,0.561227769,0.079993008,0.6936959839,0.3063040161
36,Cambodia,2008,0.2796,-0.068731686,0.217474844,0.273597811,0.344289627,0.460898064,0.393904762,0.595216332,0.533266312,0.598615946,0.560381064,0.069851067,0.6800330353,0.3199669647
37,Cambodia,2009,0.3233,-0.068312875,0.228214773,0.272365973,0.335822966,0.459579974,0.393904762,0.603097384,0.533756311,0.593023755,0.559403992,0.064254404,0.7132559967,0.2867440033
38,Cambodia,2010,0.3564,-0.071959788,0.246250899,0.245978696,0.335056879,0.454899409,0.393904762,0.605561113,0.534792735,0.570188492,0.558418344,0.064230147,0.6852230072,0.3147769928
39,Cambodia,2011,0.3572,-0.069796172,0.259519167,0.234794899,0.342088378,0.454307613,0.393904762,0.599037062,0.532311342,0.543593994,0.557424011,0.052965974,0.6816560364,0.3183439636
40,Cambodia,2012,0.3688,-0.059648398,0.260054321,0.235119067,0.375343893,0.452935723,0.393904762,0.595381929,0.529762273,0.600581126,0.55642088,0.060779751,0.6826699829,0.3173300171
41,Cambodia,2013,0.3712,-0.06796429,0.26008566,0.214112979,0.373893264,0.454974914,0.393904762,0.592601753,0.520932172,0.578601898,0.555409502,0.054754402,0.6897290039,0.3102709961
42,Cambodia,2014,0.4251,-0.062473082,0.263971335,0.228441206,0.374146062,0.45104235,0.393904762,0.592729167,0.512531246,0.613625068,0.554388445,0.058560727,0.6801229858,0.3198770142
43,Cambodia,2015,0.5493,-0.068669153,0.258382767,0.221633677,0.370854867,0.45083921,0.393904762,0.591924581,0.517495265,0.597911007,0.55335825,0.052841658,0.6492199707,0.3507800293
44,Cambodia,2016,0.6681,-0.058442678,0.274659344,0.243839187,0.367135453,0.451604463,0.393904762,0.588949737,0.522600942,0.577518674,0.552318811,0.048075559,0.6268590164,0.3731409836
45,Cambodia,2017,0.8042,-0.064189848,0.27499513,0.237550327,0.35946012,0.45188552,0.393904762,0.589944169,0.528231166,0.586602532,0.551270708,0.047221504,0.6146900177,0.3853099823
46,Cambodia,2018,0.7925,-0.067044949,0.280844921,0.231650469,0.355683971,0.452166577,0.393904762,0.588247391,0.534091042,0.584711752,0.551270708,0.047888098,0.6183769989,0.3816230011
47,Cambodia,2019,0.9298,-0.069355501,0.282720843,0.228995516,0.354128842,0.451656625,0.393904762,0.586437348,0.535036435,0.584711752,0.551270708,0.048695617,0.622086095,0.3779713001
48,Indonesia,1996,1.276,0.013447581,0.233685222,0.503789524,0.38117846,0.486967268,0.517932426,0.605596444,0.543006843,0.482699903,0.418618761,0.013911468,0.4875037997,0.5124962003
49,Indonesia,1997,1.3841,0.00276159,0.241114959,0.503789524,0.345157422,0.497770172,0.517932426,0.582162527,0.526033032,0.482699903,0.418618761,0.007723964,0.4708737494,0.5291262506
50,Indonesia,1998,1.0498,-0.004678095,0.24501412,0.503789524,0.309136383,0.505737309,0.517932426,0.568543442,0.541240446,0.482699903,0.4190756,0.006582093,0.4829961688,0.5170038312
51,Indonesia,1999,1.1694,-0.000433078,0.251842972,0.503789524,0.315568779,0.514843109,0.517932426,0.56430061,0.542964907,0.482699903,0.41953244,0.007229799,0.4507867761,0.5492132239
52,Indonesia,2000,1.2989,0.000540895,0.252038868,0.503789524,0.322001175,0.525298933,0.517932426,0.530863246,0.523638291,0.482699903,0.41998928,0.001554319,0.4562469864,0.5437530136
53,Indonesia,2001,1.4147,-0.004898896,0.251628076,0.503789524,0.309122098,0.51499406,0.517932426,0.528564031,0.520933596,0.48319658,0.42044612,-6.70E-05,0.4432899857,0.5567100143
54,Indonesia,2002,1.43,-0.009837045,0.253030096,0.503789524,0.296243021,0.504689187,0.517932426,0.550851736,0.522578455,0.455903283,0.420902959,-0.001741037,0.446576004,0.553423996
55,Indonesia,2003,1.5453,-0.018137082,0.248583919,0.503789524,0.279709726,0.494384313,0.517932426,0.570938397,0.522796875,0.44728308,0.421530291,-0.000940147,0.43,0.57
56,Indonesia,2004,1.5424,-0.015073581,0.244255494,0.503789524,0.298233475,0.48407944,0.517932426,0.585141912,0.531422413,0.453542043,0.422157622,0.003478592,0.4145510101,0.5854489899
57,Indonesia,2005,1.5422,0.010331261,0.241094925,0.56820171,0.31944936,0.473774567,0.517932426,0.580300602,0.53211081,0.452694262,0.422784954,0.002862243,0.4157320023,0.5842679977
58,Indonesia,2006,1.5119,0.087329303,0.243206975,0.780207597,0.342799994,0.473774567,0.517932426,0.581876953,0.533154363,0.454020274,0.423412285,0.002378581,0.4006539917,0.5993460083
59,Indonesia,2007,1.6708,0.098055092,0.247998895,0.789219468,0.368603592,0.473774567,0.517932426,0.585905562,0.526080313,0.417609757,0.424039617,-0.00283468,0.4001380157,0.5998619843
60,Indonesia,2008,1.5556,0.104793777,0.260899826,0.794827575,0.377172508,0.474245313,0.517932426,0.569912914,0.531453489,0.422653722,0.424662671,-0.002436425,0.4112210083,0.5887789917
61,Indonesia,2009,1.6845,0.102929262,0.260816048,0.792720483,0.378206514,0.47330382,0.517932426,0.567249538,0.540226749,0.434583309,0.425285726,-0.001892611,0.381792984,0.618207016
62,Indonesia,2010,1.8688,0.122286166,0.261908459,0.8604716,0.374336568,0.470905255,0.517932426,0.558921127,0.545215328,0.429548715,0.425908781,-0.002602706,0.3481129837,0.6518870163
63,Indonesia,2011,2.0593,0.125037527,0.266541335,0.8606661,0.386177705,0.470815589,0.517932426,0.563050955,0.545507158,0.422178043,0.426531836,-0.004478322,0.3091900063,0.6908099937
64,Indonesia,2012,2.0991,0.132086483,0.275368402,0.86624179,0.401737786,0.469649931,0.517932426,0.561395929,0.545992936,0.417278053,0.427154891,-0.00396298,0.2878479958,0.7121520042
65,Indonesia,2013,1.9701,0.138053985,0.276084876,0.877555254,0.412652709,0.469488996,0.517932426,0.56442928,0.538440008,0.408604404,0.427622159,-0.00555904,0.2970249939,0.7029750061
66,Indonesia,2014,1.9558,-0.035043236,0.276712157,0.339760505,0.433533793,0.466794997,0.517932426,0.560787534,0.530800306,0.420233656,0.428089427,-0.004519751,0.2831889915,0.7168110085
67,Indonesia,2015,2.1343,-0.035868392,0.283611556,0.341802763,0.421675491,0.466379132,0.517932426,0.556164271,0.536974933,0.424105501,0.428556696,-0.003853391,0.2695190048,0.7304809952
68,Indonesia,2016,2.1443,-0.031479221,0.290197607,0.329711296,0.443876212,0.466725429,0.517932426,0.554858353,0.543710079,0.426198643,0.429023964,-0.001691612,0.2783480072,0.7216519928
69,Indonesia,2017,2.1733,-0.014773159,0.301660782,0.370945468,0.447590651,0.466959643,0.517932426,0.549795167,0.539010829,0.41956699,0.429491232,-0.003032551,0.2543280029,0.7456719971
70,Indonesia,2018,2.2972,-0.009157633,0.303003436,0.398370083,0.445834576,0.467193857,0.517932426,0.539674982,0.534185748,0.41106223,0.429491232,-0.004712843,0.2086389923,0.7913610077
71,Indonesia,2019,2.441,-0.014298464,0.315597707,0.38636127,0.439615772,0.467592926,0.517932426,0.539591097,0.534772326,0.41106223,0.429491232,-0.002355343,0.1711578301,0.8398494874
72,Lao PDR,1996,0.1515,-0.040686577,0.19874899,0.330294798,0.378319588,0.557445536,0.39377682,0.645332447,0.553053507,0.630293371,0.461857442,0.086447874,0.8564689193,0.1435310807
73,Lao PDR,1997,0.1569,-0.042001856,0.199080686,0.330294798,0.37541589,0.557445536,0.39377682,0.643945271,0.554077502,0.627739995,0.461857442,0.086174328,0.8591645634,0.1408354366
74,Lao PDR,1998,0.1594,-0.042762589,0.200416565,0.330294798,0.372512193,0.557445536,0.39377682,0.642294572,0.554665972,0.625186619,0.462755507,0.085791895,0.8622817828,0.1377182172
75,Lao PDR,1999,0.1616,-0.052264292,0.203275016,0.330294798,0.342748902,0.557445536,0.39377682,0.6405846,0.554960316,0.622633242,0.463653571,0.085538527,0.8654876962,0.1345123038
76,Lao PDR,2000,0.1804,-0.061735548,0.206188922,0.330294798,0.312985611,0.557445536,0.39377682,0.638813556,0.555023607,0.620079866,0.464551636,0.085218643,0.815401001,0.184598999
77,Lao PDR,2001,0.1964,-0.060832776,0.209350625,0.330294798,0.314192711,0.557445536,0.39377682,0.626573782,0.554661062,0.682399373,0.4623705,0.095100252,0.8108650208,0.1891349792
78,Lao PDR,2002,0.2122,-0.059536545,0.213687127,0.330294798,0.315399812,0.557445536,0.39377682,0.614271141,0.554291573,0.647618487,0.45996608,0.085501905,0.8019080353,0.1980919647
79,Lao PDR,2003,0.2189,-0.080593878,0.21319946,0.330294798,0.254606072,0.557445536,0.39377682,0.601662819,0.553346203,0.632527927,0.457873,0.079780719,0.7873619843,0.2126380157
80,Lao PDR,2004,0.2265,-0.069348893,0.212887789,0.330294798,0.291024819,0.557445536,0.39377682,0.588910092,0.553480337,0.681424988,0.457840387,0.087564744,0.7397869873,0.2602130127
81,Lao PDR,2005,0.2325,-0.076934156,0.216930363,0.309733284,0.287729125,0.557445536,0.39377682,0.576299644,0.552999755,0.665025114,0.457856481,0.082332938,0.7392549896,0.2607450104
82,Lao PDR,2006,0.3006,-0.078429164,0.21905398,0.279317061,0.315237806,0.557445536,0.39377682,0.56462534,0.551511519,0.692959527,0.457979009,0.086146324,0.6980509949,0.3019490051
83,Lao PDR,2007,0.3087,-0.071767851,0.223173065,0.292580164,0.321329508,0.557445536,0.39377682,0.562389257,0.548832637,0.661909649,0.458100453,0.07976454,0.7067469788,0.2932530212
84,Lao PDR,2008,0.3525,-0.063455192,0.228573379,0.297285232,0.339701558,0.556571292,0.39377682,0.560053675,0.546599386,0.640121803,0.453998468,0.074296016,0.6926550293,0.3073449707
85,Lao PDR,2009,0.4338,-0.06687687,0.239512442,0.29465484,0.324218909,0.556414377,0.39377682,0.557421531,0.544858827,0.61326854,0.449895695,0.067895841,0.6645030212,0.3354969788
86,Lao PDR,2010,0.4808,-0.083826112,0.241295234,0.242454526,0.327838856,0.552581155,0.39377682,0.554935309,0.543649772,0.574480666,0.445791593,0.058724953,0.6485389709,0.3514610291
87,Lao PDR,2011,0.4994,-0.077352975,0.243102166,0.253346572,0.339240071,0.554867638,0.39377682,0.540490309,0.532534971,0.627950476,0.441686172,0.064998565,0.6362810135,0.3637189865
88,Lao PDR,2012,0.5273,-0.068784951,0.244212202,0.25986698,0.367166228,0.554329642,0.39377682,0.543998526,0.52146202,0.61957362,0.43757917,0.063102746,0.623606987,0.376393013
89,Lao PDR,2013,0.6514,-0.066020145,0.248931998,0.261941655,0.375053224,0.556494769,0.39377682,0.544221232,0.524308148,0.55352734,0.437972753,0.052459117,0.5856510162,0.4143489838
90,Lao PDR,2014,0.6702,-0.062202497,0.250032957,0.255310104,0.40036981,0.555319837,0.39377682,0.55092045,0.52751194,0.52342981,0.438365048,0.050142579,0.5825279999,0.4174720001
91,Lao PDR,2015,1.3696,-0.065246261,0.250850692,0.251531231,0.398403016,0.554345878,0.39377682,0.559077464,0.536503407,0.521759423,0.438756336,0.054069415,0.5390000153,0.4609999847
92,Lao PDR,2016,2.1627,-0.05327386,0.254004851,0.292543117,0.399782293,0.553551252,0.39377682,0.577061533,0.545742149,0.516919465,0.439146356,0.060635963,0.495401001,0.504598999
93,Lao PDR,2017,2.6839,-0.050794438,0.251746483,0.317068743,0.390861327,0.553317038,0.39377682,0.570373483,0.531366817,0.49625229,0.439535931,0.053653035,0.4586289978,0.5413710022
94,Lao PDR,2018,2.7649,-0.046631916,0.251452868,0.339816076,0.388311085,0.553082824,0.39377682,0.570047403,0.517199684,0.479724717,0.439535931,0.049074136,0.4188410187,0.5811589813
95,Lao PDR,2019,4.7328,-0.050265432,0.253318799,0.334120999,0.386872433,0.55621094,0.39377682,0.577777877,0.517462428,0.479724717,0.439535931,0.052568446,0.3825048128,0.6238711718
96,Malaysia,1996,5.3975,0.004380108,0.173616571,0.398175582,0.615730762,0.368293015,0.442959989,0.507631286,0.515440438,0.387364887,0.277319694,-0.067754841,0.07473082671,0.9252691733
97,Malaysia,1997,5.6618,-0.004679539,0.178430628,0.398175582,0.594372944,0.367622731,0.442959989,0.496911239,0.515236893,0.384619822,0.277319694,-0.066244075,0.06705587222,0.9329441278
98,Malaysia,1998,5.1657,-0.001584056,0.193802252,0.398175582,0.573015127,0.368457123,0.442959989,0.495289294,0.513888921,0.384408011,0.278259303,-0.070908307,0.0716784032,0.9283215968
99,Malaysia,1999,4.7787,-0.000652342,0.206460031,0.398175582,0.571329645,0.367763067,0.442959989,0.492363481,0.514729546,0.384196201,0.279198911,-0.068882741,0.07342714823,0.9265728518
100,Malaysia,2000,5.4411,-3.09E-06,0.224888272,0.398175582,0.569644164,0.368419036,0.442959989,0.484095014,0.513742416,0.355600081,0.280138519,-0.070415234,0.04444099903,0.955559001
101,Malaysia,2001,5.6513,0.008150094,0.238274414,0.398175582,0.581623225,0.365669637,0.442959989,0.483451103,0.510744322,0.356132551,0.280885152,-0.070648125,0.04261199951,0.9573880005
102,Malaysia,2002,5.5815,0.014906627,0.255541198,0.398175582,0.593602286,0.362920237,0.442959989,0.479743921,0.510402853,0.354213225,0.281824289,-0.070016157,0.03566200018,0.9643379998
103,Malaysia,2003,6.3372,0.019929943,0.272901003,0.398175582,0.602205502,0.360170837,0.442959989,0.472783833,0.511827459,0.349339614,0.282502097,-0.069243837,0.03326200008,0.9667379999
104,Malaysia,2004,6.7923,0.016627267,0.292449206,0.398175582,0.588155445,0.357421438,0.442959989,0.46852212,0.512094592,0.346071284,0.283173867,-0.067450031,0.03221100092,0.9677889991
105,Malaysia,2005,7.0583,0.002435991,0.282357038,0.371626221,0.596544761,0.354672038,0.442959989,0.461290748,0.508605772,0.342248082,0.283840594,-0.066389697,0.03006000042,0.9699399996
106,Malaysia,2006,6.8234,0.006101854,0.274728626,0.42141843,0.581000986,0.354672038,0.442959989,0.455456502,0.507073326,0.33872155,0.284501826,-0.064150751,0.03127899885,0.9687210011
107,Malaysia,2007,6.8283,-0.003141294,0.275333017,0.420770094,0.570927532,0.354672038,0.442959989,0.451819203,0.524401973,0.335188665,0.285157919,-0.057264219,0.02845999956,0.9715400004
108,Malaysia,2008,7.4161,-0.012384999,0.286373134,0.426118866,0.539794529,0.355904945,0.442959989,0.450092382,0.503447534,0.330502611,0.285691751,-0.058476678,0.03039000034,0.9696099997
109,Malaysia,2009,7.2368,0.00242109,0.305394868,0.446541451,0.537610515,0.35440304,0.442959989,0.446930907,0.498980109,0.322377748,0.286221491,-0.062675118,0.02265599966,0.9773440003
110,Malaysia,2010,7.6551,0.020885008,0.309279176,0.485538865,0.568883235,0.35267697,0.442959989,0.440375885,0.496815828,0.31406552,0.286746847,-0.061191557,0.0195539999,0.9804460001
111,Malaysia,2011,7.5737,0.016107609,0.304888931,0.499218755,0.562318831,0.352833885,0.442959989,0.436462079,0.496686582,0.307201761,0.287299562,-0.05849544,0.02163800001,0.978362
112,Malaysia,2012,7.4037,0.039878315,0.312688341,0.573874651,0.569446484,0.352632137,0.442959989,0.429020019,0.497685377,0.297394238,0.287853931,-0.056849044,0.02519799948,0.9748020005
113,Malaysia,2013,8.2286,0.052826776,0.31228442,0.6094683,0.580122037,0.357345788,0.442959989,0.421243006,0.494644001,0.330254777,0.288282153,-0.050221761,0.02747900009,0.9725209999
114,Malaysia,2014,8.1975,0.077740726,0.32254172,0.660103345,0.610083098,0.362619852,0.442959989,0.418693044,0.491733829,0.327407915,0.288706653,-0.047018048,0.03029999971,0.9697000003
115,Malaysia,2015,7.659,0.079662384,0.333958915,0.675987578,0.591316108,0.36281387,0.442959989,0.418608545,0.494079935,0.296306927,0.289128318,-0.051100454,0.03406300068,0.9659369993
116,Malaysia,2016,8.1657,0.051775011,0.33309695,0.619128507,0.575987631,0.366504862,0.442959989,0.44211394,0.496974297,0.318771106,0.289546767,-0.039878682,0.04431200027,0.9556879997
117,Malaysia,2017,8.0554,0.02949327,0.331687361,0.580033843,0.565551545,0.36580222,0.442959989,0.443139336,0.503830431,0.314717919,0.289965143,-0.035701852,0.05223499775,0.9477650023
118,Malaysia,2018,8.6345,0.031732155,0.333127434,0.574101568,0.599120129,0.365099578,0.442959989,0.448160161,0.510783243,0.314636937,0.289965143,-0.028795294,0.05310500145,0.9468949986
119,Malaysia,2019,8.7218,0.033480327,0.329918196,0.615380038,0.586130124,0.364321568,0.442959989,0.447864695,0.511594574,0.314636937,0.289965143,-0.024366757,0.05398949556,0.9460257935
120,Myanmar,1996,0.162,-0.069541037,0.109629279,0.492702978,0.206757213,0.555966984,0.565127233,0.566985023,0.596843349,0.675979281,0.402765629,0.074391152,0.846098368,0.153901632
121,Myanmar,1997,0.1653,-0.069757591,0.111524237,0.492702978,0.204771703,0.555430026,0.565127233,0.566615868,0.595605614,0.675962336,0.402765629,0.074128249,0.8516242502,0.1483757498
122,Myanmar,1998,0.1762,-0.06998223,0.113388805,0.492702978,0.202786194,0.555568372,0.565127233,0.568510066,0.594374495,0.675945391,0.402850367,0.07380141,0.8335448156,0.1664551844
123,Myanmar,1999,0.1934,-0.071703775,0.118190116,0.492702978,0.193966909,0.555568372,0.565127233,0.570569783,0.593192028,0.675928446,0.402935105,0.072939554,0.8187977107,0.1812022893
124,Myanmar,2000,0.215,-0.073611611,0.122993419,0.492702978,0.185147625,0.555568372,0.565127233,0.57263356,0.579384706,0.675843722,0.403019843,0.070265392,0.8016660309,0.1983339691
125,Myanmar,2001,0.1838,-0.072471374,0.127807799,0.492702978,0.185404274,0.555568372,0.565127233,0.574404712,0.566387057,0.687969794,0.403104582,0.070120898,0.8247730255,0.1752269745
126,Myanmar,2002,0.1919,-0.073041394,0.127712276,0.492702978,0.185660922,0.555568372,0.565127233,0.576295017,0.553412079,0.695343115,0.40318932,0.069895326,0.8311360168,0.1688639832
127,Myanmar,2003,0.2031,-0.072204858,0.127600325,0.492702978,0.190760701,0.555568372,0.565127233,0.578342079,0.540484659,0.715964115,0.400888472,0.071893233,0.7979560089,0.2020439911
128,Myanmar,2004,0.2547,-0.080178124,0.127523542,0.492702978,0.169906628,0.555568372,0.565127233,0.573475094,0.527599075,0.742829074,0.398587625,0.072691412,0.8042179871,0.1957820129
129,Myanmar,2005,0.2355,-0.053108448,0.127531617,0.556434411,0.190956031,0.555568372,0.565127233,0.56854388,0.526644396,0.729744371,0.396286777,0.068188709,0.797276001,0.202723999
130,Myanmar,2006,0.2592,0.016706139,0.127691839,0.768148547,0.192552059,0.555568372,0.565127233,0.561771325,0.525078551,0.748686369,0.39398593,0.070034667,0.8157779694,0.1842220306
131,Myanmar,2007,0.2578,0.014255853,0.127449567,0.776965917,0.180864178,0.555568372,0.565127233,0.557668576,0.523720711,0.707427552,0.391685082,0.062453604,0.8082959747,0.1917040253
132,Myanmar,2008,0.1947,0.016903536,0.130783634,0.783352027,0.183062923,0.556402266,0.565127233,0.554793297,0.519457218,0.717773303,0.391792713,0.063769137,0.858065033,0.141934967
133,Myanmar,2009,0.2021,0.013421773,0.134037338,0.785523953,0.171244656,0.556590564,0.565127233,0.550484947,0.515751207,0.713203681,0.391900344,0.061856979,0.8558110046,0.1441889954
134,Myanmar,2010,0.2585,0.035582136,0.137362897,0.854442074,0.169741691,0.551963799,0.565127233,0.547085903,0.513970301,0.713635011,0.392007974,0.061461321,0.8487010193,0.1512989807
135,Myanmar,2011,0.2955,0.04427644,0.142175907,0.854247574,0.194431309,0.555406973,0.565127233,0.549506591,0.513449146,0.721772571,0.392115605,0.063067623,0.8440119934,0.1559880066
136,Myanmar,2012,0.2313,0.064376815,0.146512327,0.859628763,0.248694489,0.553416388,0.565127233,0.557262804,0.508393498,0.684513764,0.392223236,0.058719641,0.7869020081,0.2130979919
137,Myanmar,2013,0.2495,-0.156463896,0.158097164,0.17203597,0.26630455,0.556374995,0.565127233,0.545715585,0.506256129,0.711113987,0.392333141,0.062601272,0.7612329865,0.2387670135
138,Myanmar,2014,0.3093,-0.133688053,0.190472104,0.19433873,0.283227396,0.555029635,0.565127233,0.543796149,0.504106352,0.72321069,0.392443047,0.066618605,0.7262940216,0.2737059784
139,Myanmar,2015,0.4197,-0.119980027,0.208935272,0.214955816,0.287706326,0.556198385,0.565127233,0.546052669,0.498923826,0.728981404,0.392552952,0.06501942,0.7065609741,0.2934390259
140,Myanmar,2016,0.4795,-0.082774357,0.216421964,0.258037746,0.349831099,0.555672448,0.565127233,0.563330028,0.494066195,0.736858233,0.392662857,0.070210102,0.6953469849,0.3046530151
141,Myanmar,2017,0.464,-0.084136933,0.217822636,0.266012279,0.339903625,0.555953505,0.565127233,0.546080674,0.500601028,0.734017485,0.392772763,0.06407136,0.6057289886,0.3942710114
142,Myanmar,2018,0.6085,-0.086591343,0.220925864,0.270226464,0.331095857,0.556234562,0.565127233,0.542400207,0.507262779,0.730800908,0.392772763,0.066587486,0.6011109924,0.3988890076
143,Myanmar,2019,0.667,-0.090568458,0.220925864,0.265918424,0.326581914,0.557086793,0.565127233,0.538277449,0.506791204,0.730800908,0.392772763,0.066664885,0.5965282032,0.4035610932
144,Philippines,1996,0.8579,-0.023766033,0.199628789,0.313275977,0.468966204,0.432850461,0.492328186,0.523998836,0.61485734,0.477801372,0.519270192,0.026105077,0.3687686633,0.6312313367
145,Philippines,1997,0.9593,-0.020698885,0.1981299,0.313275977,0.481724575,0.433734678,0.492328186,0.521977483,0.613334277,0.477660165,0.519270192,0.025932278,0.3379991123,0.6620008877
146,Philippines,1998,0.914,-0.016088961,0.198422982,0.313275977,0.494482947,0.437345486,0.492328186,0.524687363,0.608801516,0.457444024,0.51916615,0.022538917,0.3343061176,0.6656938824
147,Philippines,1999,0.8932,-0.030639215,0.20105998,0.313275977,0.449252863,0.440753249,0.492328186,0.519070206,0.607373627,0.437227883,0.519062108,0.018404017,0.3406882535,0.6593117465
148,Philippines,2000,0.9276,-0.045340756,0.204282281,0.313275977,0.404022779,0.444161013,0.492328186,0.513200301,0.606171341,0.417011742,0.518958066,0.014019696,0.3484809875,0.6515190125
149,Philippines,2001,0.8824,-0.04247116,0.207828713,0.313275977,0.410599699,0.441485304,0.492328186,0.512036182,0.605177121,0.417039179,0.518696695,0.01329425,0.3353789902,0.6646210098
150,Philippines,2002,0.8622,-0.040132006,0.209869986,0.313275977,0.41717662,0.438809595,0.492328186,0.506952658,0.604105616,0.411173044,0.514906219,0.009929826,0.3283029938,0.6716970062
151,Philippines,2003,0.8454,-0.053557933,0.210541407,0.313275977,0.378765306,0.436133886,0.492328186,0.502706654,0.602982197,0.411529523,0.511252578,0.008609088,0.3205289841,0.6794710159
152,Philippines,2004,0.8591,-0.062240096,0.214485082,0.313275977,0.352766424,0.433458177,0.492328186,0.504728354,0.601788435,0.41469096,0.507567077,0.005973292,0.3131609917,0.6868390083
153,Philippines,2005,0.8488,-0.053497314,0.215399543,0.301411428,0.393576063,0.430782468,0.492328186,0.505400416,0.600430536,0.412554163,0.504605554,0.007364882,0.3143250084,0.6856749916
154,Philippines,2006,0.7569,-0.066438059,0.220283572,0.296192322,0.359186902,0.430782468,0.492328186,0.50576814,0.598673355,0.40661637,0.503910479,0.006639072,0.3259949875,0.6740050125
155,Philippines,2007,0.7915,-0.066714714,0.227697221,0.285008526,0.36712585,0.430782468,0.492328186,0.508048994,0.596691543,0.389196462,0.503748607,0.004445679,0.3120630074,0.6879369926
156,Philippines,2008,0.8504,-0.074473072,0.231979491,0.272560474,0.355318602,0.431051466,0.492328186,0.518470789,0.589974178,0.377302325,0.503732684,0.003525543,0.3172979927,0.6827020073
157,Philippines,2009,0.8277,-0.074905586,0.235168906,0.269545711,0.354256699,0.430872134,0.492328186,0.520646615,0.583076773,0.372957659,0.503715964,-0.004418951,0.3122660065,0.6877339935
158,Philippines,2010,0.8828,-0.070582264,0.246083511,0.278265831,0.352694728,0.431320464,0.492328186,0.519003069,0.576356264,0.399958772,0.503676565,-0.000123644,0.2881459999,0.7118540001
159,Philippines,2011,0.8762,-0.060863304,0.250339583,0.287796371,0.371474527,0.430984216,0.492328186,0.51897954,0.570615566,0.404687732,0.503523547,-0.000229473,0.2940139961,0.7059860039
160,Philippines,2012,0.9094,-0.047625676,0.254944698,0.306825034,0.393707505,0.429706476,0.492328186,0.521442252,0.56497882,0.415078476,0.503371193,0.002143948,0.2874480057,0.7125519943
161,Philippines,2013,0.9689,-0.034335106,0.267334733,0.31862475,0.413922762,0.429828916,0.492328186,0.522316299,0.568652635,0.429516381,0.503542853,0.006670338,0.2783889961,0.7216110039
162,Philippines,2014,1.0067,-0.018038953,0.273477025,0.347670204,0.432561256,0.426118135,0.492328186,0.52454549,0.5723162,0.437395355,0.503715672,0.008893669,0.2713990021,0.7286009979
163,Philippines,2015,1.0982,-0.028355458,0.265267863,0.336745742,0.42396672,0.4260362,0.492328186,0.518303364,0.572636897,0.452722544,0.503888671,0.011399074,0.258654995,0.741345005
164,Philippines,2016,1.1792,-0.041209172,0.276976913,0.317068743,0.400746822,0.427501003,0.492328186,0.532935475,0.57321036,0.421933908,0.504062342,0.009841492,0.2396990013,0.7603009987
165,Philippines,2017,1.2827,-0.037349797,0.280108659,0.324168023,0.408042481,0.428203644,0.492328186,0.52040638,0.568567068,0.382058058,0.504228924,0.001625841,0.2339660072,0.7660339928
166,Philippines,2018,1.3189,-0.044746384,0.277256525,0.319726921,0.401741789,0.428906286,0.492328186,0.517585624,0.563788473,0.383312751,0.504228924,0.002107362,0.232201004,0.767798996
167,Philippines,2019,1.3561,-0.046263815,0.273585522,0.317030047,0.411812832,0.428881864,0.492328186,0.519420059,0.562988255,0.383312751,0.504228924,0.00413706,0.2304493157,0.7695680659
168,Singapore,1996,13.197,0.067245558,0.379464609,0.516626578,0.840669276,0.350093316,0.538326679,0.270406491,0.458162175,0.304045072,0.549206402,0.039006482,0.00457871819,0.9954212818
169,Singapore,1997,15.1213,0.065866559,0.411478056,0.516626578,0.839001399,0.345598318,0.538326679,0.270068656,0.457539044,0.304045072,0.549206402,0.045882197,0.00431425659,0.9956857434
170,Singapore,1998,12.2806,0.077842394,0.424401592,0.516626578,0.837333521,0.348220438,0.538326679,0.270268356,0.451661523,0.304045072,0.549223305,0.039804101,0.00433014805,0.9956698519
171,Singapore,1999,12.4408,0.079465878,0.457900161,0.516626578,0.843010461,0.34740996,0.538326679,0.269083451,0.449931262,0.24046971,0.549240207,0.03631598,0.00426520083,0.9957347992
172,Singapore,2000,12.0118,0.086596162,0.528176816,0.516626578,0.848687401,0.347409497,0.538326679,0.266621311,0.448218552,0.23794747,0.54925711,0.047507783,0.00325399995,0.9967460001
173,Singapore,2001,12.0673,0.092734208,0.533178824,0.516626578,0.85216183,0.347409308,0.538326679,0.267960248,0.448299532,0.235425229,0.549274013,0.044994664,0.0059649998,0.9940350002
174,Singapore,2002,11.4739,0.098756135,0.576065873,0.516626578,0.85563626,0.347409118,0.538326679,0.26780491,0.448376148,0.270429042,0.549290916,0.057173105,0.00577600002,0.994224
175,Singapore,2003,11.9728,0.079737703,0.590264478,0.516626578,0.836241585,0.347408929,0.538326679,0.267496019,0.447963046,0.305432855,0.549309562,0.074580987,0.00576099992,0.9942390001
176,Singapore,2004,11.2178,0.063275026,0.603199437,0.516626578,0.853003907,0.347408739,0.538326679,0.266040673,0.446854795,0.226869777,0.549328208,0.078898443,0.005255,0.994745
177,Singapore,2005,8.5491,0.041475296,0.573839936,0.548784046,0.847781359,0.347408549,0.538326679,0.264021706,0.445316726,0.224699143,0.549346854,0.092073322,0.00535000026,0.9946499997
178,Singapore,2006,9.7777,0.076106778,0.588667028,0.712424064,0.847269925,0.347408549,0.538326679,0.263391405,0.443419004,0.224385663,0.5493655,0.108289411,0.0051789999,0.9948210001
179,Singapore,2007,10.3783,0.069153969,0.614783323,0.728891799,0.851120336,0.347408549,0.538326679,0.264337972,0.440948204,0.221638904,0.549384146,0.122713837,0.00503799975,0.9949620003
180,Singapore,2008,12.055,0.083708202,0.635093723,0.726881957,0.861485589,0.347112652,0.538326679,0.264272878,0.438587217,0.217899177,0.549407916,0.11824596,0.00531799972,0.9946820003
181,Singapore,2009,18.1407,0.073981368,0.617660052,0.709992803,0.846263648,0.347838946,0.538326679,0.265566768,0.436136192,0.211810894,0.549431685,0.112519463,0.00475199997,0.995248
182,Singapore,2010,11.0345,0.060155628,0.660650684,0.755246659,0.846973922,0.350259928,0.538326679,0.266276633,0.434265037,0.205600609,0.549455455,0.141061361,0.0047330001,0.9952669999
183,Singapore,2011,5.7511,0.051329045,0.70320654,0.754792824,0.846251757,0.350475126,0.538326679,0.266853517,0.436368846,0.215626873,0.549479225,0.158520853,0.00478599995,0.995214
184,Singapore,2012,8.9664,0.050300891,0.703010125,0.760627849,0.866232168,0.34993713,0.538326679,0.26668212,0.438534178,0.208354146,0.549502995,0.164018951,0.00506900013,0.9949309999
185,Singapore,2013,9.9687,0.059419488,0.723526394,0.784065197,0.862995463,0.338854217,0.538326679,0.26693765,0.436089254,0.205061763,0.549511157,0.164267286,0.0056129998,0.9943870002
186,Singapore,2014,9.9915,0.078874077,0.731102944,0.845138452,0.872981635,0.332371169,0.538326679,0.267576353,0.433352274,0.200159619,0.54951932,0.166603679,0.00590699971,0.9940930003
187,Singapore,2015,11.1103,0.065110648,0.730915242,0.833046985,0.880361085,0.332451868,0.538326679,0.26894103,0.435138124,0.229789374,0.536715677,0.178151726,0.00645099998,0.993549
188,Singapore,2016,7.1237,0.034357597,0.737333982,0.764420614,0.884700232,0.334065856,0.538326679,0.269282017,0.438318211,0.188237226,0.510922856,0.175537639,0.00680100024,0.9931989998
189,Singapore,2017,6.844,0.013530588,0.735925219,0.778132922,0.889140113,0.334065856,0.538326679,0.26865018,0.444472237,0.225824281,0.485130034,0.196286829,0.00690299988,0.9930970001
190,Singapore,2018,7.9898,-0.00687709,0.748647516,0.77936476,0.887912722,0.334065856,0.538326679,0.267868219,0.451525807,0.225824281,0.485130034,0.214005911,0.00727299988,0.9927270001
191,Singapore,2019,7.8743,-0.014014287,0.748457074,0.775777018,0.892001236,0.334201173,0.538326679,0.268107726,0.455644351,0.225824281,0.485130034,0.219652552,0.007662831837,0.992357138
192,Thailand,1996,2.8892,0.018361437,0.203208024,0.430365467,0.534231861,0.488918945,0.457569648,0.504100229,0.355530405,0.442485894,0.435607862,-0.017631418,0.2116347051,0.7883652949
193,Thailand,1997,2.9352,0.025903714,0.210615062,0.430365467,0.547116756,0.496795301,0.457569648,0.501438343,0.354001136,0.426732272,0.435607862,-0.020448621,0.2124884266,0.7875115734
194,Thailand,1998,2.5679,0.037259221,0.223940355,0.430365467,0.560001652,0.502086346,0.457569648,0.501219765,0.352561069,0.424575193,0.436078249,-0.022188778,0.2165097363,0.7834902637
195,Thailand,1999,2.6483,0.040305923,0.234373915,0.430365467,0.563282498,0.511243551,0.457569648,0.493062493,0.351266304,0.423612726,0.436548636,-0.021182322,0.2131244234,0.7868755766
196,Thailand,2000,2.6814,0.040797892,0.238167717,0.430365467,0.566563343,0.520400757,0.457569648,0.486417086,0.350581511,0.392837499,0.437019024,-0.02484239,0.2199069977,0.7800930023
197,Thailand,2001,2.844,0.037948387,0.249308369,0.430365467,0.551808338,0.51225549,0.457569648,0.474078112,0.351164002,0.42127144,0.437489411,-0.023999671,0.2003790092,0.7996209908
198,Thailand,2002,2.9782,0.033811313,0.259218832,0.430365467,0.537053332,0.504110224,0.457569648,0.458181879,0.351999827,0.42115286,0.437959799,-0.026142394,0.2006920052,0.7993079948
199,Thailand,2003,3.1292,0.025891812,0.266159238,0.430365467,0.516114585,0.495964957,0.457569648,0.448817135,0.353018967,0.443658147,0.438276015,-0.02305968,0.2034679985,0.7965320015
200,Thailand,2004,3.3413,0.011268168,0.270923227,0.430365467,0.478102157,0.48781969,0.457569648,0.43805481,0.354116359,0.418187147,0.438592232,-0.027851093,0.2002709961,0.7997290039
201,Thailand,2005,3.4088,0.016518395,0.280465194,0.44148443,0.482430739,0.479674423,0.457569648,0.443469989,0.355234249,0.442450287,0.438908448,-0.022373552,0.2025489998,0.7974510002
202,Thailand,2006,3.439,0.004539239,0.288333818,0.446995287,0.444074417,0.479674423,0.457569648,0.441151932,0.356488531,0.416767292,0.439224664,-0.026171258,0.2068930054,0.7931069946
203,Thailand,2007,3.4663,0.002820786,0.300944334,0.447578789,0.437774025,0.479674423,0.457569648,0.42938468,0.357851256,0.417296021,0.439540881,-0.023746276,0.2161370087,0.7838629913
204,Thailand,2008,3.41,0.007070855,0.30437676,0.469071129,0.430949816,0.481265995,0.457569648,0.431390939,0.359332443,0.416985458,0.439828834,-0.022181677,0.2249360085,0.7750639915
205,Thailand,2009,3.6232,0.021274131,0.311471113,0.508846545,0.425928208,0.481265995,0.457569648,0.433219747,0.360964548,0.415600886,0.440116787,-0.028181134,0.2266020012,0.7733979988
206,Thailand,2010,3.8009,0.022726219,0.320367783,0.521683599,0.422869313,0.480369335,0.457569648,0.432185285,0.362791237,0.408418544,0.440404741,-0.026302929,0.2265979958,0.7734020042
207,Thailand,2011,3.7562,0.023837065,0.320357928,0.514357402,0.438155351,0.481310828,0.457569648,0.433689454,0.366416364,0.406573359,0.440692694,-0.024304385,0.2276119995,0.7723880005
208,Thailand,2012,3.9841,0.024517735,0.321612223,0.535817325,0.436763371,0.479652007,0.457569648,0.436249679,0.369793259,0.40380855,0.440980647,-0.019688021,0.2330130005,0.7669869995
209,Thailand,2013,4.2204,0.032511554,0.331742593,0.559449174,0.434636957,0.479450876,0.457569648,0.460857646,0.364524672,0.402854573,0.441209379,-0.014786488,0.2295590019,0.7704409981
210,Thailand,2014,4.1299,0.049258219,0.326603891,0.605740367,0.44475906,0.478442751,0.457569648,0.451856313,0.359366565,0.400754032,0.44143811,-0.017561333,0.2412770081,0.7587229919
211,Thailand,2015,4.1576,0.045956704,0.329872768,0.600650929,0.441554741,0.480268536,0.457569648,0.448195694,0.367313183,0.398714282,0.441666841,-0.015697794,0.2265279961,0.7734720039
212,Thailand,2016,4.1095,0.034563283,0.336452919,0.56405236,0.448751366,0.478619764,0.457569648,0.443844336,0.374984573,0.390289949,0.441895572,-0.01433533,0.2243149948,0.7756850052
213,Thailand,2017,4.1318,0.035596661,0.341725839,0.561945267,0.460121072,0.478853978,0.457569648,0.438924464,0.376569053,0.381084023,0.442124303,-0.013742198,0.2226580048,0.7773419952
214,Thailand,2018,3.9779,0.042034887,0.342463291,0.601623433,0.454801583,0.479088192,0.457569648,0.436646777,0.378391282,0.384388648,0.442124303,-0.00969778,0.2372330093,0.7627669907
215,Thailand,2019,3.9012,0.048130071,0.34822742,0.609801293,0.469838888,0.479621746,0.457569648,0.436599926,0.380739407,0.384388648,0.442124303,-0.006814139,0.2527620813,0.7484652646
216,Viet Nam,1996,0.4497,0.000918039,0.201961213,0.383879773,0.447267854,0.560160004,0.490791447,0.530379971,0.508133266,0.472504702,0.467512458,0.036381944,0.6286600927,0.3713399073
217,Viet Nam,1997,0.5771,0.000230085,0.206872839,0.383879773,0.442145647,0.561249664,0.490791447,0.530217454,0.506214669,0.472504702,0.467512458,0.036434006,0.6079237361,0.3920762639
218,Viet Nam,1998,0.599,-0.000238511,0.211916486,0.383879773,0.437023441,0.558681373,0.490791447,0.547341098,0.50380418,0.474012793,0.468389682,0.036804874,0.5949934411,0.4050065589
219,Viet Nam,1999,0.5933,-0.000659348,0.211660702,0.383879773,0.437278279,0.558681373,0.490791447,0.547083974,0.496049369,0.473419724,0.469266906,0.035071342,0.5956700311,0.4043299689
220,Viet Nam,2000,0.6582,-0.002603175,0.207668944,0.383879773,0.437533118,0.558681373,0.490791447,0.51069373,0.488540389,0.467129797,0.470144131,0.026836708,0.579803009,0.420196991
221,Viet Nam,2001,0.7388,-0.006295225,0.206693926,0.383879773,0.42953045,0.558681373,0.490791447,0.520657437,0.480168644,0.455318471,0.471021355,0.025732462,0.5638639832,0.4361360168
222,Viet Nam,2002,0.8401,-0.009900554,0.205997388,0.383879773,0.421527782,0.558681373,0.490791447,0.528936531,0.472383426,0.457141583,0.471898579,0.026734353,0.5245470047,0.4754529953
223,Viet Nam,2003,0.924,-0.009114912,0.205682866,0.383879773,0.426761319,0.558681373,0.490791447,0.541896373,0.464868202,0.461005483,0.472652384,0.02904588,0.5107730103,0.4892269897
224,Viet Nam,2004,1.0564,-0.011387243,0.21394891,0.383879773,0.414986471,0.558681373,0.490791447,0.543262904,0.457191057,0.468039028,0.473406189,0.028233183,0.4601850128,0.5398149872
225,Viet Nam,2005,1.1296,0.005154778,0.224872691,0.401384846,0.439980012,0.558681373,0.490791447,0.539720601,0.451889381,0.440488015,0.474159994,0.021694703,0.443913002,0.556086998
226,Viet Nam,2006,1.1655,0.011002777,0.232212695,0.430916553,0.424534044,0.558681373,0.490791447,0.532486015,0.447329673,0.436987682,0.474913799,0.02024314,0.4449470139,0.5550529861
227,Viet Nam,2007,1.1749,0.01592621,0.250371951,0.427221037,0.428978398,0.558681373,0.490791447,0.533433468,0.444058336,0.429903309,0.475667604,0.021212957,0.4213560104,0.5786439896
228,Viet Nam,2008,1.314,0.013217475,0.25937889,0.42303927,0.419387418,0.559869448,0.490791447,0.531192368,0.44095431,0.415327232,0.475917664,0.019777795,0.3948540115,0.6051459885
229,Viet Nam,2009,1.4174,0.012554924,0.257674722,0.415486155,0.429426448,0.55998153,0.490791447,0.514144938,0.438365628,0.412666279,0.476167723,0.019041774,0.3718600082,0.6281399918
230,Viet Nam,2010,1.5754,-0.0077707,0.256265809,0.371691055,0.417369748,0.556775971,0.490791447,0.49670944,0.436557651,0.406265541,0.476417783,0.015586917,0.3479249954,0.6520750046
231,Viet Nam,2011,1.7017,-0.001744748,0.265847865,0.378790335,0.423186776,0.557246717,0.490791447,0.512288594,0.43387436,0.397274275,0.476667842,0.016907971,0.3654349899,0.6345650101
232,Viet Nam,2012,1.5874,-0.003543323,0.273791298,0.368676292,0.42736663,0.556081059,0.490791447,0.511365935,0.431700987,0.393788477,0.476917902,0.017339432,0.3810189819,0.6189810181
233,Viet Nam,2013,1.6443,0.004402498,0.2748936,0.390654884,0.432636373,0.556763603,0.490791447,0.509385495,0.423369347,0.386045042,0.477128802,0.015562323,0.3768399811,0.6231600189
234,Viet Nam,2014,1.8428,0.012478442,0.287502626,0.406928119,0.433490881,0.553590509,0.490791447,0.510456216,0.415488588,0.392399871,0.477339703,0.01617956,0.3694440079,0.6305559921
235,Viet Nam,2015,2.0825,0.016419653,0.290215233,0.410493967,0.444134458,0.551927052,0.490791447,0.508216205,0.426150973,0.371415742,0.477550604,0.014826779,0.3071990013,0.6928009987
236,Viet Nam,2016,2.0586,0.035260102,0.294826818,0.441873432,0.471374493,0.551675833,0.490791447,0.5057704,0.437061548,0.35838078,0.477761505,0.015737861,0.3095089912,0.6904910088
237,Viet Nam,2017,2.0639,0.035904328,0.300259779,0.44939413,0.468663322,0.552612689,0.490791447,0.500526794,0.432715947,0.348640953,0.477972406,0.014358911,0.3197570038,0.6802429962
238,Viet Nam,2018,2.3415,0.037578933,0.309920792,0.45659066,0.465607114,0.553549545,0.490791447,0.499011762,0.428594266,0.35375128,0.477972406,0.016406433,0.2349180031,0.7650819969
239,Viet Nam,2019,2.6986,0.044605556,0.311649466,0.482199594,0.468275054,0.554880045,0.490791447,0.496677075,0.431207885,0.35375128,0.477972406,0.018687188,0.1725887706,0.8605020048